,weather1,weather2,wind1,wind2,aircraft_weight_class1,aircraft_weight_class2,ground_traffic1,ground_traffic2,air_traffic_congestion1,air_traffic_congestion2,caculated_minima
0,cat_3,cat_3,tailwind,tailwind,super,super,high,high,max,max,5
1,cat_3,cat_3,tailwind,tailwind,super,heavy,high,high,max,max,6.5
2,cat_3,cat_3,tailwind,tailwind,heavy,super,high,high,max,max,3.2
3,cat_3,cat_3,tailwind,tailwind,super,medium,high,high,max,max,7
4,cat_3,cat_3,tailwind,tailwind,medium,medium,high,high,max,max,5
5,cat_3,cat_3,tailwind,tailwind,medium,heavy,high,high,max,max,3.2
6,cat_3,cat_3,tailwind,tailwind,heavy,light,high,high,max,max,6.5
7,cat_3,cat_3,tailwind,tailwind,light,medium,high,high,max,max,3.2
8,cat_3,cat_3,tailwind,tailwind,medium,medium,high,high,max,max,5
9,cat_3,cat_3,tailwind,headwind,medium,super,high,high,max,max,3.2
10,cat_3,cat_3,headwind,headwind,super,medium,high,high,max,max,7
11,cat_3,cat_3,headwind,headwind,medium,medium,high,high,max,max,5
12,cat_3,cat_3,headwind,headwind,medium,medium,high,high,max,max,5
13,cat_3,cat_3,headwind,headwind,medium,medium,high,high,max,max,5
14,cat_3,cat_3,headwind,headwind,medium,heavy,high,high,max,max,3.2
15,cat_3,cat_3,headwind,headwind,heavy,light,high,high,max,max,6.5
16,cat_3,cat_3,headwind,headwind,light,heavy,high,high,max,max,3.1
17,cat_3,cat_3,headwind,headwind,heavy,medium,high,high,max,max,5.4
18,cat_3,cat_3,headwind,headwind,medium,medium,high,high,max,max,5
19,cat_3,cat_3,headwind,headwind,medium,medium,high,high,max,max,5
20,cat_3,cat_3,headwind,headwind,medium,heavy,high,high,max,max,3.2
21,cat_3,cat_3,headwind,headwind,heavy,medium,high,high,max,max,5.4
22,cat_3,cat_3,headwind,headwind,medium,medium,high,high,max,max,5
23,cat_3,cat_3,headwind,headwind,medium,medium,high,high,max,max,5
24,cat_3,cat_3,headwind,headwind,medium,medium,high,high,max,max,5
25,cat_3,cat_3,headwind,headwind,medium,medium,high,high,max,max,5
26,cat_3,cat_3,headwind,headwind,medium,medium,high,high,max,max,5
27,cat_3,cat_3,headwind,headwind,medium,medium,high,high,max,max,5
28,cat_3,cat_3,headwind,headwind,medium,medium,high,high,max,max,5
29,cat_3,cat_3,headwind,headwind,medium,heavy,high,high,max,max,3.2
30,cat_3,cat_3,headwind,headwind,heavy,medium,high,high,max,max,5.4
31,cat_3,cat_3,headwind,headwind,medium,light,high,high,max,max,5.4
32,cat_3,cat_3,headwind,headwind,light,medium,high,high,max,max,3.2
33,cat_3,cat_3,headwind,headwind,medium,medium,high,high,max,max,5
34,cat_3,cat_3,headwind,headwind,medium,medium,high,high,max,max,5
35,cat_3,cat_3,headwind,headwind,medium,medium,high,high,max,max,5
36,cat_3,cat_3,headwind,headwind,medium,heavy,high,high,max,max,3.2
37,cat_3,cat_3,headwind,headwind,heavy,medium,high,high,max,max,5.4
38,cat_3,cat_3,headwind,headwind,medium,medium,high,high,max,max,5
39,cat_3,cat_3,headwind,tailwind,medium,medium,high,high,max,max,4.8
40,cat_3,cat_3,tailwind,tailwind,medium,medium,high,high,max,max,5
41,cat_3,cat_3,tailwind,tailwind,medium,medium,high,high,max,max,5
42,cat_3,cat_3,tailwind,tailwind,medium,light,high,high,max,max,5.4
43,cat_3,cat_3,tailwind,tailwind,light,heavy,high,high,max,max,3.1
44,cat_3,cat_3,tailwind,tailwind,heavy,medium,high,high,max,max,5.4
45,cat_3,cat_3,tailwind,tailwind,medium,medium,high,high,max,max,5
46,cat_3,cat_3,tailwind,tailwind,medium,medium,high,high,max,max,5
47,cat_3,cat_3,tailwind,tailwind,medium,heavy,high,high,max,max,3.2
48,cat_3,cat_3,tailwind,tailwind,heavy,light,high,high,max,max,6.5
49,cat_3,cat_3,tailwind,headwind,light,medium,high,high,max,max,3.4000000000000004
50,cat_3,cat_3,headwind,headwind,medium,medium,high,high,max,max,5
51,cat_3,cat_3,headwind,headwind,medium,medium,high,high,max,max,5
52,cat_3,cat_3,headwind,headwind,medium,light,high,high,max,max,5.4
53,cat_3,cat_3,headwind,headwind,light,heavy,high,high,max,max,3.1
54,cat_3,cat_3,headwind,headwind,heavy,medium,high,high,max,max,5.4
55,cat_3,cat_3,headwind,headwind,medium,medium,high,high,max,max,5
56,cat_3,cat_3,headwind,headwind,medium,heavy,high,high,max,max,3.2
57,cat_3,cat_3,headwind,headwind,heavy,medium,high,high,max,max,5.4
58,cat_3,cat_3,headwind,headwind,medium,heavy,high,high,max,max,3.2
59,cat_3,cat_3,headwind,headwind,heavy,light,high,average,max,regular,6.3
60,cat_3,cat_3,headwind,headwind,light,medium,average,average,regular,regular,3.2
61,cat_3,cat_3,headwind,headwind,medium,medium,average,average,regular,regular,5
62,cat_3,cat_3,headwind,headwind,medium,heavy,average,average,regular,regular,3.2
63,cat_3,cat_3,headwind,headwind,heavy,medium,average,average,regular,regular,5.4
64,cat_3,cat_3,headwind,headwind,medium,medium,average,average,regular,regular,5
65,cat_3,cat_3,headwind,headwind,medium,medium,average,average,regular,regular,5
66,cat_3,cat_3,headwind,headwind,medium,heavy,average,average,regular,regular,3.2
67,cat_3,cat_3,headwind,headwind,heavy,medium,average,average,regular,regular,5.4
68,cat_3,cat_3,headwind,headwind,medium,medium,average,average,regular,regular,5
69,cat_3,cat_3,headwind,headwind,medium,heavy,average,average,regular,regular,3.2
70,cat_3,cat_3,headwind,headwind,heavy,medium,average,average,regular,regular,5.4
71,cat_3,cat_3,headwind,headwind,medium,heavy,average,average,regular,regular,3.2
72,cat_3,cat_3,headwind,headwind,heavy,heavy,average,average,regular,regular,5
73,cat_3,cat_3,headwind,headwind,heavy,heavy,average,average,regular,regular,5
74,cat_3,cat_3,headwind,headwind,heavy,medium,average,average,regular,regular,5.4
75,cat_3,cat_3,headwind,headwind,medium,super,average,average,regular,regular,3
76,cat_3,cat_3,headwind,headwind,super,medium,average,average,regular,regular,7
77,cat_3,cat_3,headwind,headwind,medium,heavy,average,average,regular,regular,3.2
78,cat_3,cat_3,headwind,headwind,heavy,medium,average,average,regular,regular,5.4
79,cat_3,cat_3,headwind,headwind,medium,heavy,average,high,regular,max,3.4000000000000004
80,cat_3,cat_3,headwind,headwind,heavy,medium,high,high,max,max,5.4
81,cat_3,cat_3,headwind,headwind,medium,heavy,high,high,max,max,3.2
82,cat_3,cat_3,headwind,headwind,heavy,medium,high,high,max,max,5.4
83,cat_3,cat_3,headwind,headwind,medium,heavy,high,high,max,max,3.2
84,cat_3,cat_3,headwind,headwind,heavy,medium,high,high,max,max,5.4
85,cat_3,cat_3,headwind,headwind,medium,heavy,high,high,max,max,3.2
86,cat_3,cat_3,headwind,headwind,heavy,medium,high,high,max,max,5.4
87,cat_3,cat_3,headwind,headwind,medium,medium,high,high,max,max,5
88,cat_3,cat_3,headwind,headwind,medium,heavy,high,high,max,max,3.2
89,cat_3,cat_3,headwind,headwind,heavy,heavy,high,high,max,max,5
90,cat_3,cat_3,headwind,headwind,heavy,heavy,high,high,max,max,5
91,cat_3,cat_3,headwind,headwind,heavy,medium,high,high,max,max,5.4
92,cat_3,cat_3,headwind,headwind,medium,heavy,high,high,max,max,3.2
93,cat_3,cat_3,headwind,headwind,heavy,heavy,high,high,max,max,5
94,cat_3,cat_3,headwind,headwind,heavy,medium,high,high,max,max,5.4
95,cat_3,cat_3,headwind,headwind,medium,medium,high,high,max,max,5
96,cat_3,cat_3,headwind,headwind,medium,heavy,high,high,max,max,3.2
97,cat_3,cat_3,headwind,headwind,heavy,heavy,high,high,max,max,5
98,cat_3,cat_3,headwind,headwind,heavy,medium,high,high,max,max,5.4
99,cat_3,cat_1,headwind,headwind,medium,medium,high,average,max,regular,3.3
100,cat_1,cat_1,headwind,headwind,medium,heavy,average,average,regular,regular,3.2
101,cat_1,cat_1,headwind,headwind,heavy,medium,average,average,regular,regular,5.4
102,cat_1,cat_1,headwind,headwind,medium,medium,average,average,regular,regular,5
103,cat_1,cat_1,headwind,headwind,medium,super,average,average,regular,regular,3
104,cat_1,cat_1,headwind,headwind,super,medium,average,average,regular,regular,7
105,cat_1,cat_1,headwind,headwind,medium,medium,average,average,regular,regular,5
106,cat_1,cat_1,headwind,headwind,medium,medium,average,average,regular,regular,5
107,cat_1,cat_1,headwind,headwind,medium,medium,average,average,regular,regular,5
108,cat_1,cat_1,headwind,headwind,medium,heavy,average,average,regular,regular,3.2
109,cat_1,cat_1,headwind,headwind,heavy,light,average,average,regular,regular,6.5
110,cat_1,cat_1,headwind,headwind,light,medium,average,average,regular,regular,3.2
111,cat_1,cat_1,headwind,headwind,medium,medium,average,average,regular,regular,5
112,cat_1,cat_1,headwind,headwind,medium,medium,average,average,regular,regular,5
113,cat_1,cat_1,headwind,headwind,medium,heavy,average,average,regular,regular,3.2
114,cat_1,cat_1,headwind,headwind,heavy,super,average,average,regular,regular,3.2
115,cat_1,cat_1,headwind,headwind,super,medium,average,average,regular,regular,7
116,cat_1,cat_1,headwind,headwind,medium,super,average,average,regular,regular,3
117,cat_1,cat_1,headwind,headwind,super,heavy,average,average,regular,regular,6.5
118,cat_1,cat_1,headwind,headwind,heavy,medium,average,average,regular,regular,5.4
119,cat_1,cat_1,headwind,headwind,medium,medium,average,high,regular,max,5.2
120,cat_1,cat_1,headwind,headwind,medium,heavy,high,high,max,max,3.2
121,cat_1,cat_1,headwind,headwind,heavy,heavy,high,high,max,max,5
122,cat_1,cat_1,headwind,headwind,heavy,light,high,high,max,max,6.5
123,cat_1,cat_1,headwind,headwind,light,heavy,high,high,max,max,3.1
124,cat_1,cat_1,headwind,headwind,heavy,medium,high,high,max,max,5.4
125,cat_1,cat_1,headwind,headwind,medium,medium,high,high,max,max,5
126,cat_1,cat_1,headwind,headwind,medium,medium,high,high,max,max,5
127,cat_1,cat_1,headwind,headwind,medium,medium,high,high,max,max,5
128,cat_1,cat_1,headwind,headwind,medium,medium,high,high,max,max,5
129,cat_1,cat_1,headwind,tailwind,medium,medium,high,high,max,max,4.8
130,cat_1,cat_1,tailwind,tailwind,medium,medium,high,high,max,max,5
131,cat_1,cat_1,tailwind,tailwind,medium,medium,high,high,max,max,5
132,cat_1,cat_1,tailwind,tailwind,medium,medium,high,high,max,max,5
133,cat_1,cat_1,tailwind,tailwind,medium,medium,high,high,max,max,5
134,cat_1,cat_1,tailwind,tailwind,medium,medium,high,high,max,max,5
135,cat_1,cat_1,tailwind,tailwind,medium,heavy,high,high,max,max,3.2
136,cat_1,cat_1,tailwind,tailwind,heavy,medium,high,high,max,max,5.4
137,cat_1,cat_1,tailwind,tailwind,medium,medium,high,high,max,max,5
138,cat_1,cat_1,tailwind,tailwind,medium,medium,high,high,max,max,5
139,cat_1,cat_1,tailwind,wind_shear,medium,heavy,high,low,max,regular,2.4
140,cat_1,cat_1,wind_shear,wind_shear,heavy,light,low,low,regular,regular,6.5
141,cat_1,cat_1,wind_shear,wind_shear,light,medium,low,low,regular,regular,3.2
142,cat_1,cat_1,wind_shear,wind_shear,medium,medium,low,low,regular,regular,5
143,cat_1,cat_1,wind_shear,wind_shear,medium,heavy,low,low,regular,regular,3.2
144,cat_1,cat_1,wind_shear,wind_shear,heavy,medium,low,low,regular,regular,5.4
145,cat_1,cat_1,wind_shear,wind_shear,medium,medium,low,low,regular,regular,5
146,cat_1,cat_1,wind_shear,wind_shear,medium,heavy,low,low,regular,regular,3.2
147,cat_1,cat_1,wind_shear,wind_shear,heavy,super,low,low,regular,regular,3.2
148,cat_1,cat_1,wind_shear,wind_shear,super,heavy,low,low,regular,regular,6.5
149,cat_1,cat_1,wind_shear,headwind,heavy,heavy,low,low,regular,regular,5.6
150,cat_1,cat_1,headwind,headwind,heavy,super,low,low,regular,regular,3.2
151,cat_1,cat_1,headwind,headwind,super,medium,low,low,regular,regular,7
152,cat_1,cat_1,headwind,headwind,medium,medium,low,low,regular,regular,5
153,cat_1,cat_1,headwind,headwind,medium,super,low,low,regular,regular,3
154,cat_1,cat_1,headwind,headwind,super,heavy,low,low,regular,regular,6.5
155,cat_1,cat_1,headwind,headwind,heavy,medium,low,low,regular,regular,5.4
156,cat_1,cat_1,headwind,headwind,medium,medium,low,low,regular,regular,5
157,cat_1,cat_1,headwind,headwind,medium,heavy,low,low,regular,regular,3.2
158,cat_1,cat_1,headwind,headwind,heavy,medium,low,low,regular,regular,5.4
159,cat_1,cat_1,headwind,headwind,medium,medium,low,high,regular,max,5.4
160,cat_1,cat_1,headwind,headwind,medium,medium,high,high,max,max,5
161,cat_1,cat_1,headwind,headwind,medium,super,high,high,max,max,3
162,cat_1,cat_1,headwind,headwind,super,heavy,high,high,max,max,6.5
163,cat_1,cat_1,headwind,headwind,heavy,medium,high,high,max,max,5.4
164,cat_1,cat_1,headwind,headwind,medium,medium,high,high,max,max,5
165,cat_1,cat_1,headwind,headwind,medium,medium,high,high,max,max,5
166,cat_1,cat_1,headwind,headwind,medium,medium,high,high,max,max,5
167,cat_1,cat_1,headwind,headwind,medium,heavy,high,high,max,max,3.2
168,cat_1,cat_1,headwind,headwind,heavy,heavy,high,high,max,max,5
169,cat_1,cat_1,headwind,headwind,heavy,medium,high,high,max,max,5.4
170,cat_1,cat_1,headwind,headwind,medium,medium,high,high,max,max,5
171,cat_1,cat_1,headwind,headwind,medium,medium,high,high,max,max,5
172,cat_1,cat_1,headwind,headwind,medium,super,high,high,max,max,3
173,cat_1,cat_1,headwind,headwind,super,heavy,high,high,max,max,6.5
174,cat_1,cat_1,headwind,headwind,heavy,heavy,high,high,max,max,5
175,cat_1,cat_1,headwind,headwind,heavy,heavy,high,high,max,max,5
176,cat_1,cat_1,headwind,headwind,heavy,medium,high,high,max,max,5.4
177,cat_1,cat_1,headwind,headwind,medium,medium,high,high,max,max,5
178,cat_1,cat_1,headwind,headwind,medium,medium,high,high,max,max,5
179,cat_1,cat_1,headwind,headwind,medium,medium,high,low,max,regular,4.6
180,cat_1,cat_1,headwind,headwind,medium,heavy,low,low,regular,regular,3.2
181,cat_1,cat_1,headwind,headwind,heavy,light,low,low,regular,regular,6.5
182,cat_1,cat_1,headwind,headwind,light,heavy,low,low,regular,regular,3.1
183,cat_1,cat_1,headwind,headwind,heavy,medium,low,low,regular,regular,5.4
184,cat_1,cat_1,headwind,headwind,medium,medium,low,low,regular,regular,5
185,cat_1,cat_1,headwind,headwind,medium,medium,low,low,regular,regular,5
186,cat_1,cat_1,headwind,headwind,medium,medium,low,low,regular,regular,5
187,cat_1,cat_1,headwind,headwind,medium,medium,low,low,regular,regular,5
188,cat_1,cat_1,headwind,headwind,medium,medium,low,low,regular,regular,5
189,cat_1,cat_1,headwind,headwind,medium,medium,low,low,regular,regular,5
190,cat_1,cat_1,headwind,headwind,medium,medium,low,low,regular,regular,5
191,cat_1,cat_1,headwind,headwind,medium,medium,low,low,regular,regular,5
192,cat_1,cat_1,headwind,headwind,medium,medium,low,low,regular,regular,5
193,cat_1,cat_1,headwind,headwind,medium,heavy,low,low,regular,regular,3.2
194,cat_1,cat_1,headwind,headwind,heavy,medium,low,low,regular,regular,5.4
195,cat_1,cat_1,headwind,headwind,medium,medium,low,low,regular,regular,5
196,cat_1,cat_1,headwind,headwind,medium,heavy,low,low,regular,regular,3.2
197,cat_1,cat_1,headwind,headwind,heavy,medium,low,low,regular,regular,5.4
198,cat_1,cat_1,headwind,headwind,medium,medium,low,low,regular,regular,5
199,cat_1,cat_3,headwind,headwind,medium,medium,low,high,regular,max,6.9
200,cat_3,cat_3,headwind,headwind,medium,heavy,high,high,max,max,3.2
201,cat_3,cat_3,headwind,headwind,heavy,medium,high,high,max,max,5.4
202,cat_3,cat_3,headwind,headwind,medium,medium,high,high,max,max,5
203,cat_3,cat_3,headwind,headwind,medium,medium,high,high,max,max,5
204,cat_3,cat_3,headwind,headwind,medium,medium,high,high,max,max,5
205,cat_3,cat_3,headwind,headwind,medium,medium,high,high,max,max,5
206,cat_3,cat_3,headwind,headwind,medium,medium,high,high,max,max,5
207,cat_3,cat_3,headwind,headwind,medium,medium,high,high,max,max,5
208,cat_3,cat_3,headwind,headwind,medium,heavy,high,high,max,max,3.2
209,cat_3,cat_3,headwind,headwind,heavy,medium,high,high,max,max,5.4
210,cat_3,cat_3,headwind,headwind,medium,heavy,high,high,max,max,3.2
211,cat_3,cat_3,headwind,headwind,heavy,heavy,high,high,max,max,5
212,cat_3,cat_3,headwind,headwind,heavy,medium,high,high,max,max,5.4
213,cat_3,cat_3,headwind,headwind,medium,medium,high,high,max,max,5
214,cat_3,cat_3,headwind,headwind,medium,medium,high,high,max,max,5
215,cat_3,cat_3,headwind,headwind,medium,medium,high,high,max,max,5
216,cat_3,cat_3,headwind,headwind,medium,heavy,high,high,max,max,3.2
217,cat_3,cat_3,headwind,headwind,heavy,medium,high,high,max,max,5.4
218,cat_3,cat_3,headwind,headwind,medium,medium,high,high,max,max,5
219,cat_3,cat_3,headwind,headwind,medium,medium,high,average,max,regular,4.8
220,cat_3,cat_3,headwind,headwind,medium,medium,average,average,regular,regular,5
221,cat_3,cat_3,headwind,headwind,medium,super,average,average,regular,regular,3
222,cat_3,cat_3,headwind,headwind,super,heavy,average,average,regular,regular,6.5
223,cat_3,cat_3,headwind,headwind,heavy,heavy,average,average,regular,regular,5
224,cat_3,cat_3,headwind,headwind,heavy,medium,average,average,regular,regular,5.4
225,cat_3,cat_3,headwind,headwind,medium,medium,average,average,regular,regular,5
226,cat_3,cat_3,headwind,headwind,medium,heavy,average,average,regular,regular,3.2
227,cat_3,cat_3,headwind,headwind,heavy,medium,average,average,regular,regular,5.4
228,cat_3,cat_3,headwind,headwind,medium,medium,average,average,regular,regular,5
229,cat_3,cat_3,headwind,headwind,medium,medium,average,average,regular,regular,5
230,cat_3,cat_3,headwind,headwind,medium,heavy,average,average,regular,regular,3.2
231,cat_3,cat_3,headwind,headwind,heavy,medium,average,average,regular,regular,5.4
232,cat_3,cat_3,headwind,headwind,medium,medium,average,average,regular,regular,5
233,cat_3,cat_3,headwind,headwind,medium,medium,average,average,regular,regular,5
234,cat_3,cat_3,headwind,headwind,medium,medium,average,average,regular,regular,5
235,cat_3,cat_3,headwind,headwind,medium,light,average,average,regular,regular,5.4
236,cat_3,cat_3,headwind,headwind,light,medium,average,average,regular,regular,3.2
237,cat_3,cat_3,headwind,headwind,medium,medium,average,average,regular,regular,5
238,cat_3,cat_3,headwind,headwind,medium,medium,average,average,regular,regular,5
239,cat_3,cat_3,headwind,headwind,medium,medium,average,high,regular,max,5.2
240,cat_3,cat_3,headwind,headwind,medium,medium,high,high,max,max,5
241,cat_3,cat_3,headwind,headwind,medium,heavy,high,high,max,max,3.2
242,cat_3,cat_3,headwind,headwind,heavy,heavy,high,high,max,max,5
243,cat_3,cat_3,headwind,headwind,heavy,medium,high,high,max,max,5.4
244,cat_3,cat_3,headwind,headwind,medium,super,high,high,max,max,3
245,cat_3,cat_3,headwind,headwind,super,medium,high,high,max,max,7
246,cat_3,cat_3,headwind,headwind,medium,light,high,high,max,max,5.4
247,cat_3,cat_3,headwind,headwind,light,medium,high,high,max,max,3.2
248,cat_3,cat_3,headwind,headwind,medium,medium,high,high,max,max,5
249,cat_3,cat_3,headwind,headwind,medium,medium,high,high,max,max,5
250,cat_3,cat_3,headwind,headwind,medium,heavy,high,high,max,max,3.2
251,cat_3,cat_3,headwind,headwind,heavy,medium,high,high,max,max,5.4
252,cat_3,cat_3,headwind,headwind,medium,heavy,high,high,max,max,3.2
253,cat_3,cat_3,headwind,headwind,heavy,medium,high,high,max,max,5.4
254,cat_3,cat_3,headwind,headwind,medium,medium,high,high,max,max,5
255,cat_3,cat_3,headwind,headwind,medium,medium,high,high,max,max,5
256,cat_3,cat_3,headwind,headwind,medium,medium,high,high,max,max,5
257,cat_3,cat_3,headwind,headwind,medium,heavy,high,high,max,max,3.2
258,cat_3,cat_3,headwind,headwind,heavy,heavy,high,high,max,max,5
259,cat_3,cat_3,headwind,headwind,heavy,super,high,average,max,regular,3.0
260,cat_3,cat_3,headwind,headwind,super,heavy,average,average,regular,regular,6.5
261,cat_3,cat_3,headwind,headwind,heavy,medium,average,average,regular,regular,5.4
262,cat_3,cat_3,headwind,headwind,medium,heavy,average,average,regular,regular,3.2
263,cat_3,cat_3,headwind,headwind,heavy,light,average,average,regular,regular,6.5
264,cat_3,cat_3,headwind,headwind,light,heavy,average,average,regular,regular,3.1
265,cat_3,cat_3,headwind,headwind,heavy,medium,average,average,regular,regular,5.4
266,cat_3,cat_3,headwind,headwind,medium,medium,average,average,regular,regular,5
267,cat_3,cat_3,headwind,headwind,medium,medium,average,average,regular,regular,5
268,cat_3,cat_3,headwind,headwind,medium,medium,average,average,regular,regular,5
269,cat_3,cat_3,headwind,headwind,medium,medium,average,average,regular,regular,5
270,cat_3,cat_3,headwind,headwind,medium,heavy,average,average,regular,regular,3.2
271,cat_3,cat_3,headwind,headwind,heavy,medium,average,average,regular,regular,5.4
272,cat_3,cat_3,headwind,headwind,medium,medium,average,average,regular,regular,5
273,cat_3,cat_3,headwind,headwind,medium,heavy,average,average,regular,regular,3.2
274,cat_3,cat_3,headwind,headwind,heavy,heavy,average,average,regular,regular,5
275,cat_3,cat_3,headwind,headwind,heavy,heavy,average,average,regular,regular,5
276,cat_3,cat_3,headwind,headwind,heavy,heavy,average,average,regular,regular,5
277,cat_3,cat_3,headwind,headwind,heavy,medium,average,average,regular,regular,5.4
278,cat_3,cat_3,headwind,headwind,medium,heavy,average,average,regular,regular,3.2
279,cat_3,cat_3,headwind,headwind,heavy,medium,average,high,regular,max,5.6000000000000005
280,cat_3,cat_3,headwind,headwind,medium,heavy,high,high,max,max,3.2
281,cat_3,cat_3,headwind,headwind,heavy,super,high,high,max,max,3.2
282,cat_3,cat_3,headwind,headwind,super,medium,high,high,max,max,7
283,cat_3,cat_3,headwind,headwind,medium,medium,high,high,max,max,5
284,cat_3,cat_3,headwind,headwind,medium,heavy,high,high,max,max,3.2
285,cat_3,cat_3,headwind,headwind,heavy,heavy,high,high,max,max,5
286,cat_3,cat_3,headwind,headwind,heavy,medium,high,high,max,max,5.4
287,cat_3,cat_3,headwind,headwind,medium,heavy,high,high,max,max,3.2
288,cat_3,cat_3,headwind,headwind,heavy,heavy,high,high,max,max,5
289,cat_3,cat_3,headwind,tailwind,heavy,light,high,high,max,max,6.3
290,cat_3,cat_3,tailwind,tailwind,light,heavy,high,high,max,max,3.1
291,cat_3,cat_3,tailwind,tailwind,heavy,medium,high,high,max,max,5.4
292,cat_3,cat_3,tailwind,tailwind,medium,light,high,high,max,max,5.4
293,cat_3,cat_3,tailwind,tailwind,light,medium,high,high,max,max,3.2
294,cat_3,cat_3,tailwind,tailwind,medium,medium,high,high,max,max,5
295,cat_3,cat_3,tailwind,tailwind,medium,medium,high,high,max,max,5
296,cat_3,cat_3,tailwind,tailwind,medium,medium,high,high,max,max,5
297,cat_3,cat_3,tailwind,tailwind,medium,heavy,high,high,max,max,3.2
298,cat_3,cat_3,tailwind,tailwind,heavy,heavy,high,high,max,max,5
299,cat_3,cat_2,tailwind,headwind,heavy,heavy,high,high,max,max,4.2
300,cat_2,cat_2,headwind,headwind,heavy,medium,high,high,max,max,5.4
301,cat_2,cat_2,headwind,headwind,medium,light,high,high,max,max,5.4
302,cat_2,cat_2,headwind,headwind,light,medium,high,high,max,max,3.2
303,cat_2,cat_2,headwind,headwind,medium,super,high,high,max,max,3
304,cat_2,cat_2,headwind,headwind,super,medium,high,high,max,max,7
305,cat_2,cat_2,headwind,headwind,medium,heavy,high,high,max,max,3.2
306,cat_2,cat_2,headwind,headwind,heavy,medium,high,high,max,max,5.4
307,cat_2,cat_2,headwind,headwind,medium,medium,high,high,max,max,5
308,cat_2,cat_2,headwind,headwind,medium,light,high,high,max,max,5.4
309,cat_2,cat_2,headwind,headwind,light,heavy,high,high,max,max,3.1
310,cat_2,cat_2,headwind,headwind,heavy,medium,high,high,max,max,5.4
311,cat_2,cat_2,headwind,headwind,medium,light,high,high,max,max,5.4
312,cat_2,cat_2,headwind,headwind,light,heavy,high,high,max,max,3.1
313,cat_2,cat_2,headwind,headwind,heavy,medium,high,high,max,max,5.4
314,cat_2,cat_2,headwind,headwind,medium,medium,high,high,max,max,5
315,cat_2,cat_2,headwind,headwind,medium,heavy,high,high,max,max,3.2
316,cat_2,cat_2,headwind,headwind,heavy,medium,high,high,max,max,5.4
317,cat_2,cat_2,headwind,headwind,medium,heavy,high,high,max,max,3.2
318,cat_2,cat_2,headwind,headwind,heavy,heavy,high,high,max,max,5
319,cat_2,cat_2,headwind,headwind,heavy,medium,high,average,max,regular,5.2
320,cat_2,cat_2,headwind,headwind,medium,medium,average,average,regular,regular,5
321,cat_2,cat_2,headwind,headwind,medium,medium,average,average,regular,regular,5
322,cat_2,cat_2,headwind,headwind,medium,super,average,average,regular,regular,3
323,cat_2,cat_2,headwind,headwind,super,heavy,average,average,regular,regular,6.5
324,cat_2,cat_2,headwind,headwind,heavy,medium,average,average,regular,regular,5.4
325,cat_2,cat_2,headwind,headwind,medium,medium,average,average,regular,regular,5
326,cat_2,cat_2,headwind,headwind,medium,medium,average,average,regular,regular,5
327,cat_2,cat_2,headwind,headwind,medium,super,average,average,regular,regular,3
328,cat_2,cat_2,headwind,headwind,super,light,average,average,regular,regular,8
329,cat_2,cat_2,headwind,tailwind,light,medium,average,average,regular,regular,3.0
330,cat_2,cat_2,tailwind,tailwind,medium,heavy,average,average,regular,regular,3.2
331,cat_2,cat_2,tailwind,tailwind,heavy,medium,average,average,regular,regular,5.4
332,cat_2,cat_2,tailwind,tailwind,medium,super,average,average,regular,regular,3
333,cat_2,cat_2,tailwind,tailwind,super,medium,average,average,regular,regular,7
334,cat_2,cat_2,tailwind,tailwind,medium,medium,average,average,regular,regular,5
335,cat_2,cat_2,tailwind,tailwind,medium,medium,average,average,regular,regular,5
336,cat_2,cat_2,tailwind,tailwind,medium,heavy,average,average,regular,regular,3.2
337,cat_2,cat_2,tailwind,tailwind,heavy,medium,average,average,regular,regular,5.4
338,cat_2,cat_2,tailwind,tailwind,medium,medium,average,average,regular,regular,5
339,cat_2,cat_2,tailwind,headwind,medium,medium,average,high,regular,max,5.4
340,cat_2,cat_2,headwind,headwind,medium,medium,high,high,max,max,5
341,cat_2,cat_2,headwind,headwind,medium,medium,high,high,max,max,5
342,cat_2,cat_2,headwind,headwind,medium,medium,high,high,max,max,5
343,cat_2,cat_2,headwind,headwind,medium,medium,high,high,max,max,5
344,cat_2,cat_2,headwind,headwind,medium,heavy,high,high,max,max,3.2
345,cat_2,cat_2,headwind,headwind,heavy,medium,high,high,max,max,5.4
346,cat_2,cat_2,headwind,headwind,medium,medium,high,high,max,max,5
347,cat_2,cat_2,headwind,headwind,medium,medium,high,high,max,max,5
348,cat_2,cat_2,headwind,headwind,medium,heavy,high,high,max,max,3.2
349,cat_2,cat_2,headwind,headwind,heavy,heavy,high,high,max,max,5
350,cat_2,cat_2,headwind,headwind,heavy,heavy,high,high,max,max,5
351,cat_2,cat_2,headwind,headwind,heavy,medium,high,high,max,max,5.4
352,cat_2,cat_2,headwind,headwind,medium,heavy,high,high,max,max,3.2
353,cat_2,cat_2,headwind,headwind,heavy,medium,high,high,max,max,5.4
354,cat_2,cat_2,headwind,headwind,medium,medium,high,high,max,max,5
355,cat_2,cat_2,headwind,headwind,medium,medium,high,high,max,max,5
356,cat_2,cat_2,headwind,headwind,medium,medium,high,high,max,max,5
357,cat_2,cat_2,headwind,headwind,medium,light,high,high,max,max,5.4
358,cat_2,cat_2,headwind,headwind,light,medium,high,high,max,max,3.2
359,cat_2,cat_2,headwind,headwind,medium,medium,high,low,max,regular,4.6
360,cat_2,cat_2,headwind,headwind,medium,medium,low,low,regular,regular,5
361,cat_2,cat_2,headwind,headwind,medium,medium,low,low,regular,regular,5
362,cat_2,cat_2,headwind,headwind,medium,heavy,low,low,regular,regular,3.2
363,cat_2,cat_2,headwind,headwind,heavy,heavy,low,low,regular,regular,5
364,cat_2,cat_2,headwind,headwind,heavy,heavy,low,low,regular,regular,5
365,cat_2,cat_2,headwind,headwind,heavy,medium,low,low,regular,regular,5.4
366,cat_2,cat_2,headwind,headwind,medium,medium,low,low,regular,regular,5
367,cat_2,cat_2,headwind,headwind,medium,heavy,low,low,regular,regular,3.2
368,cat_2,cat_2,headwind,headwind,heavy,medium,low,low,regular,regular,5.4
369,cat_2,cat_2,headwind,headwind,medium,medium,low,low,regular,regular,5
370,cat_2,cat_2,headwind,headwind,medium,medium,low,low,regular,regular,5
371,cat_2,cat_2,headwind,headwind,medium,heavy,low,low,regular,regular,3.2
372,cat_2,cat_2,headwind,headwind,heavy,light,low,low,regular,regular,6.5
373,cat_2,cat_2,headwind,headwind,light,super,low,low,regular,regular,3
374,cat_2,cat_2,headwind,headwind,super,medium,low,low,regular,regular,7
375,cat_2,cat_2,headwind,headwind,medium,heavy,low,low,regular,regular,3.2
376,cat_2,cat_2,headwind,headwind,heavy,medium,low,low,regular,regular,5.4
377,cat_2,cat_2,headwind,headwind,medium,medium,low,low,regular,regular,5
378,cat_2,cat_2,headwind,headwind,medium,medium,low,low,regular,regular,5
379,cat_2,cat_2,headwind,wind_shear,medium,heavy,low,average,regular,regular,2.8000000000000007
380,cat_2,cat_2,wind_shear,wind_shear,heavy,heavy,average,average,regular,regular,5
381,cat_2,cat_2,wind_shear,wind_shear,heavy,medium,average,average,regular,regular,5.4
382,cat_2,cat_2,wind_shear,wind_shear,medium,super,average,average,regular,regular,3
383,cat_2,cat_2,wind_shear,wind_shear,super,medium,average,average,regular,regular,7
384,cat_2,cat_2,wind_shear,wind_shear,medium,medium,average,average,regular,regular,5
385,cat_2,cat_2,wind_shear,wind_shear,medium,medium,average,average,regular,regular,5
386,cat_2,cat_2,wind_shear,wind_shear,medium,medium,average,average,regular,regular,5
387,cat_2,cat_2,wind_shear,wind_shear,medium,heavy,average,average,regular,regular,3.2
388,cat_2,cat_2,wind_shear,wind_shear,heavy,medium,average,average,regular,regular,5.4
389,cat_2,cat_2,wind_shear,headwind,medium,heavy,average,average,regular,regular,3.8
390,cat_2,cat_2,headwind,headwind,heavy,medium,average,average,regular,regular,5.4
391,cat_2,cat_2,headwind,headwind,medium,medium,average,average,regular,regular,5
392,cat_2,cat_2,headwind,headwind,medium,medium,average,average,regular,regular,5
393,cat_2,cat_2,headwind,headwind,medium,medium,average,average,regular,regular,5
394,cat_2,cat_2,headwind,headwind,medium,medium,average,average,regular,regular,5
395,cat_2,cat_2,headwind,headwind,medium,heavy,average,average,regular,regular,3.2
396,cat_2,cat_2,headwind,headwind,heavy,medium,average,average,regular,regular,5.4
397,cat_2,cat_2,headwind,headwind,medium,medium,average,average,regular,regular,5
398,cat_2,cat_2,headwind,headwind,medium,heavy,average,average,regular,regular,3.2
399,cat_2,cat_1,headwind,headwind,heavy,medium,average,high,regular,max,5.1000000000000005
400,cat_1,cat_1,headwind,headwind,medium,medium,high,high,max,max,5
401,cat_1,cat_1,headwind,headwind,medium,medium,high,high,max,max,5
402,cat_1,cat_1,headwind,headwind,medium,heavy,high,high,max,max,3.2
403,cat_1,cat_1,headwind,headwind,heavy,medium,high,high,max,max,5.4
404,cat_1,cat_1,headwind,headwind,medium,medium,high,high,max,max,5
405,cat_1,cat_1,headwind,headwind,medium,medium,high,high,max,max,5
406,cat_1,cat_1,headwind,headwind,medium,medium,high,high,max,max,5
407,cat_1,cat_1,headwind,headwind,medium,medium,high,high,max,max,5
408,cat_1,cat_1,headwind,headwind,medium,medium,high,high,max,max,5
409,cat_1,cat_1,headwind,wind_shear,medium,medium,high,high,max,max,4.4
410,cat_1,cat_1,wind_shear,wind_shear,medium,medium,high,high,max,max,5
411,cat_1,cat_1,wind_shear,wind_shear,medium,medium,high,high,max,max,5
412,cat_1,cat_1,wind_shear,wind_shear,medium,medium,high,high,max,max,5
413,cat_1,cat_1,wind_shear,wind_shear,medium,medium,high,high,max,max,5
414,cat_1,cat_1,wind_shear,wind_shear,medium,medium,high,high,max,max,5
415,cat_1,cat_1,wind_shear,wind_shear,medium,medium,high,high,max,max,5
416,cat_1,cat_1,wind_shear,wind_shear,medium,medium,high,high,max,max,5
417,cat_1,cat_1,wind_shear,wind_shear,medium,heavy,high,high,max,max,3.2
418,cat_1,cat_1,wind_shear,wind_shear,heavy,medium,high,high,max,max,5.4
419,cat_1,cat_1,wind_shear,headwind,medium,super,high,low,max,regular,3.1999999999999997
420,cat_1,cat_1,headwind,headwind,super,heavy,low,low,regular,regular,6.5
421,cat_1,cat_1,headwind,headwind,heavy,medium,low,low,regular,regular,5.4
422,cat_1,cat_1,headwind,headwind,medium,medium,low,low,regular,regular,5
423,cat_1,cat_1,headwind,headwind,medium,heavy,low,low,regular,regular,3.2
424,cat_1,cat_1,headwind,headwind,heavy,heavy,low,low,regular,regular,5
425,cat_1,cat_1,headwind,headwind,heavy,medium,low,low,regular,regular,5.4
426,cat_1,cat_1,headwind,headwind,medium,heavy,low,low,regular,regular,3.2
427,cat_1,cat_1,headwind,headwind,heavy,medium,low,low,regular,regular,5.4
428,cat_1,cat_1,headwind,headwind,medium,medium,low,low,regular,regular,5
429,cat_1,cat_1,headwind,headwind,medium,medium,low,low,regular,regular,5
430,cat_1,cat_1,headwind,headwind,medium,heavy,low,low,regular,regular,3.2
431,cat_1,cat_1,headwind,headwind,heavy,heavy,low,low,regular,regular,5
432,cat_1,cat_1,headwind,headwind,heavy,heavy,low,low,regular,regular,5
433,cat_1,cat_1,headwind,headwind,heavy,medium,low,low,regular,regular,5.4
434,cat_1,cat_1,headwind,headwind,medium,medium,low,low,regular,regular,5
435,cat_1,cat_1,headwind,headwind,medium,super,low,low,regular,regular,3
436,cat_1,cat_1,headwind,headwind,super,medium,low,low,regular,regular,7
437,cat_1,cat_1,headwind,headwind,medium,medium,low,low,regular,regular,5
438,cat_1,cat_1,headwind,headwind,medium,medium,low,low,regular,regular,5
439,cat_1,cat_1,headwind,headwind,medium,heavy,low,average,regular,regular,3.4000000000000004
440,cat_1,cat_1,headwind,headwind,heavy,medium,average,average,regular,regular,5.4
441,cat_1,cat_1,headwind,headwind,medium,medium,average,average,regular,regular,5
442,cat_1,cat_1,headwind,headwind,medium,medium,average,average,regular,regular,5
443,cat_1,cat_1,headwind,headwind,medium,medium,average,average,regular,regular,5
444,cat_1,cat_1,headwind,headwind,medium,medium,average,average,regular,regular,5
445,cat_1,cat_1,headwind,headwind,medium,medium,average,average,regular,regular,5
446,cat_1,cat_1,headwind,headwind,medium,heavy,average,average,regular,regular,3.2
447,cat_1,cat_1,headwind,headwind,heavy,medium,average,average,regular,regular,5.4
448,cat_1,cat_1,headwind,headwind,medium,heavy,average,average,regular,regular,3.2
449,cat_1,cat_1,headwind,headwind,heavy,medium,average,average,regular,regular,5.4
450,cat_1,cat_1,headwind,headwind,medium,medium,average,average,regular,regular,5
451,cat_1,cat_1,headwind,headwind,medium,heavy,average,average,regular,regular,3.2
452,cat_1,cat_1,headwind,headwind,heavy,medium,average,average,regular,regular,5.4
453,cat_1,cat_1,headwind,headwind,medium,medium,average,average,regular,regular,5
454,cat_1,cat_1,headwind,headwind,medium,super,average,average,regular,regular,3
455,cat_1,cat_1,headwind,headwind,super,heavy,average,average,regular,regular,6.5
456,cat_1,cat_1,headwind,headwind,heavy,medium,average,average,regular,regular,5.4
457,cat_1,cat_1,headwind,headwind,medium,medium,average,average,regular,regular,5
458,cat_1,cat_1,headwind,headwind,medium,medium,average,average,regular,regular,5
459,cat_1,cat_1,headwind,tailwind,medium,super,average,low,regular,regular,2.5999999999999996
460,cat_1,cat_1,tailwind,tailwind,super,super,low,low,regular,regular,5
461,cat_1,cat_1,tailwind,tailwind,super,medium,low,low,regular,regular,7
462,cat_1,cat_1,tailwind,tailwind,medium,medium,low,low,regular,regular,5
463,cat_1,cat_1,tailwind,tailwind,medium,light,low,low,regular,regular,5.4
464,cat_1,cat_1,tailwind,tailwind,light,medium,low,low,regular,regular,3.2
465,cat_1,cat_1,tailwind,tailwind,medium,heavy,low,low,regular,regular,3.2
466,cat_1,cat_1,tailwind,tailwind,heavy,heavy,low,low,regular,regular,5
467,cat_1,cat_1,tailwind,tailwind,heavy,heavy,low,low,regular,regular,5
468,cat_1,cat_1,tailwind,tailwind,heavy,medium,low,low,regular,regular,5.4
469,cat_1,cat_1,tailwind,tailwind,medium,medium,low,low,regular,regular,5
470,cat_1,cat_1,tailwind,tailwind,medium,medium,low,low,regular,regular,5
471,cat_1,cat_1,tailwind,tailwind,medium,heavy,low,low,regular,regular,3.2
472,cat_1,cat_1,tailwind,tailwind,heavy,medium,low,low,regular,regular,5.4
473,cat_1,cat_1,tailwind,tailwind,medium,heavy,low,low,regular,regular,3.2
474,cat_1,cat_1,tailwind,tailwind,heavy,heavy,low,low,regular,regular,5
475,cat_1,cat_1,tailwind,tailwind,heavy,medium,low,low,regular,regular,5.4
476,cat_1,cat_1,tailwind,tailwind,medium,medium,low,low,regular,regular,5
477,cat_1,cat_1,tailwind,tailwind,medium,heavy,low,low,regular,regular,3.2
478,cat_1,cat_1,tailwind,tailwind,heavy,heavy,low,low,regular,regular,5
479,cat_1,cat_1,tailwind,headwind,heavy,medium,low,low,regular,regular,5.6000000000000005
480,cat_1,cat_1,headwind,headwind,medium,medium,low,low,regular,regular,5
481,cat_1,cat_1,headwind,headwind,medium,medium,low,low,regular,regular,5
482,cat_1,cat_1,headwind,headwind,medium,medium,low,low,regular,regular,5
483,cat_1,cat_1,headwind,headwind,medium,heavy,low,low,regular,regular,3.2
484,cat_1,cat_1,headwind,headwind,heavy,medium,low,low,regular,regular,5.4
485,cat_1,cat_1,headwind,headwind,medium,medium,low,low,regular,regular,5
486,cat_1,cat_1,headwind,headwind,medium,heavy,low,low,regular,regular,3.2
487,cat_1,cat_1,headwind,headwind,heavy,medium,low,low,regular,regular,5.4
488,cat_1,cat_1,headwind,headwind,medium,medium,low,low,regular,regular,5
489,cat_1,cat_1,headwind,headwind,medium,heavy,low,low,regular,regular,3.2
490,cat_1,cat_1,headwind,headwind,heavy,heavy,low,low,regular,regular,5
491,cat_1,cat_1,headwind,headwind,heavy,medium,low,low,regular,regular,5.4
492,cat_1,cat_1,headwind,headwind,medium,medium,low,low,regular,regular,5
493,cat_1,cat_1,headwind,headwind,medium,medium,low,low,regular,regular,5
494,cat_1,cat_1,headwind,headwind,medium,medium,low,low,regular,regular,5
495,cat_1,cat_1,headwind,headwind,medium,medium,low,low,regular,regular,5
496,cat_1,cat_1,headwind,headwind,medium,medium,low,low,regular,regular,5
497,cat_1,cat_1,headwind,headwind,medium,heavy,low,low,regular,regular,3.2
498,cat_1,cat_1,headwind,headwind,heavy,heavy,low,low,regular,regular,5
499,cat_1,cat_3,headwind,headwind,heavy,heavy,low,high,regular,max,6.9
500,cat_3,cat_3,headwind,headwind,heavy,medium,high,high,max,max,5.4
501,cat_3,cat_3,headwind,headwind,medium,medium,high,high,max,max,5
502,cat_3,cat_3,headwind,headwind,medium,heavy,high,high,max,max,3.2
503,cat_3,cat_3,headwind,headwind,heavy,heavy,high,high,max,max,5
504,cat_3,cat_3,headwind,headwind,heavy,medium,high,high,max,max,5.4
505,cat_3,cat_3,headwind,headwind,medium,heavy,high,high,max,max,3.2
506,cat_3,cat_3,headwind,headwind,heavy,medium,high,high,max,max,5.4
507,cat_3,cat_3,headwind,headwind,medium,medium,high,high,max,max,5
508,cat_3,cat_3,headwind,headwind,medium,medium,high,high,max,max,5
509,cat_3,cat_3,headwind,headwind,medium,medium,high,high,max,max,5
510,cat_3,cat_3,headwind,headwind,medium,medium,high,high,max,max,5
511,cat_3,cat_3,headwind,headwind,medium,medium,high,high,max,max,5
512,cat_3,cat_3,headwind,headwind,medium,heavy,high,high,max,max,3.2
513,cat_3,cat_3,headwind,headwind,heavy,heavy,high,high,max,max,5
514,cat_3,cat_3,headwind,headwind,heavy,super,high,high,max,max,3.2
515,cat_3,cat_3,headwind,headwind,super,medium,high,high,max,max,7
516,cat_3,cat_3,headwind,headwind,medium,heavy,high,high,max,max,3.2
517,cat_3,cat_3,headwind,headwind,heavy,medium,high,high,max,max,5.4
518,cat_3,cat_3,headwind,headwind,medium,heavy,high,high,max,max,3.2
519,cat_3,cat_3,headwind,headwind,heavy,medium,high,high,max,max,5.4
520,cat_3,cat_3,headwind,headwind,medium,medium,high,high,max,max,5
521,cat_3,cat_3,headwind,headwind,medium,medium,high,high,max,max,5
522,cat_3,cat_3,headwind,headwind,medium,medium,high,high,max,max,5
523,cat_3,cat_3,headwind,headwind,medium,medium,high,high,max,max,5
524,cat_3,cat_3,headwind,headwind,medium,heavy,high,high,max,max,3.2
525,cat_3,cat_3,headwind,headwind,heavy,medium,high,high,max,max,5.4
526,cat_3,cat_3,headwind,headwind,medium,super,high,high,max,max,3
527,cat_3,cat_3,headwind,headwind,super,heavy,high,high,max,max,6.5
528,cat_3,cat_3,headwind,headwind,heavy,medium,high,high,max,max,5.4
529,cat_3,cat_3,headwind,headwind,medium,medium,high,high,max,max,5
530,cat_3,cat_3,headwind,headwind,medium,heavy,high,high,max,max,3.2
531,cat_3,cat_3,headwind,headwind,heavy,heavy,high,high,max,max,5
532,cat_3,cat_3,headwind,headwind,heavy,medium,high,high,max,max,5.4
533,cat_3,cat_3,headwind,headwind,medium,heavy,high,high,max,max,3.2
534,cat_3,cat_3,headwind,headwind,heavy,medium,high,high,max,max,5.4
535,cat_3,cat_3,headwind,headwind,medium,medium,high,high,max,max,5
536,cat_3,cat_3,headwind,headwind,medium,medium,high,high,max,max,5
537,cat_3,cat_3,headwind,headwind,medium,medium,high,high,max,max,5
538,cat_3,cat_3,headwind,headwind,medium,medium,high,high,max,max,5
539,cat_3,cat_3,headwind,tailwind,medium,medium,high,high,max,max,4.8
540,cat_3,cat_3,tailwind,tailwind,medium,medium,high,high,max,max,5
541,cat_3,cat_3,tailwind,tailwind,medium,heavy,high,high,max,max,3.2
542,cat_3,cat_3,tailwind,tailwind,heavy,medium,high,high,max,max,5.4
543,cat_3,cat_3,tailwind,tailwind,medium,medium,high,high,max,max,5
544,cat_3,cat_3,tailwind,tailwind,medium,medium,high,high,max,max,5
545,cat_3,cat_3,tailwind,tailwind,medium,heavy,high,high,max,max,3.2
546,cat_3,cat_3,tailwind,tailwind,heavy,heavy,high,high,max,max,5
547,cat_3,cat_3,tailwind,tailwind,heavy,super,high,high,max,max,3.2
548,cat_3,cat_3,tailwind,tailwind,super,heavy,high,high,max,max,6.5
549,cat_3,cat_3,tailwind,crosswind,heavy,medium,high,high,max,max,5.2
550,cat_3,cat_3,crosswind,crosswind,medium,medium,high,high,max,max,5
551,cat_3,cat_3,crosswind,crosswind,medium,medium,high,high,max,max,5
552,cat_3,cat_3,crosswind,crosswind,medium,heavy,high,high,max,max,3.2
553,cat_3,cat_3,crosswind,crosswind,heavy,heavy,high,high,max,max,5
554,cat_3,cat_3,crosswind,crosswind,heavy,medium,high,high,max,max,5.4
555,cat_3,cat_3,crosswind,crosswind,medium,medium,high,high,max,max,5
556,cat_3,cat_3,crosswind,crosswind,medium,medium,high,high,max,max,5
557,cat_3,cat_3,crosswind,crosswind,medium,heavy,high,high,max,max,3.2
558,cat_3,cat_3,crosswind,crosswind,heavy,medium,high,high,max,max,5.4
559,cat_3,cat_3,crosswind,headwind,medium,medium,high,average,max,regular,5.2
560,cat_3,cat_3,headwind,headwind,medium,medium,average,average,regular,regular,5
561,cat_3,cat_3,headwind,headwind,medium,medium,average,average,regular,regular,5
562,cat_3,cat_3,headwind,headwind,medium,medium,average,average,regular,regular,5
563,cat_3,cat_3,headwind,headwind,medium,medium,average,average,regular,regular,5
564,cat_3,cat_3,headwind,headwind,medium,medium,average,average,regular,regular,5
565,cat_3,cat_3,headwind,headwind,medium,medium,average,average,regular,regular,5
566,cat_3,cat_3,headwind,headwind,medium,heavy,average,average,regular,regular,3.2
567,cat_3,cat_3,headwind,headwind,heavy,medium,average,average,regular,regular,5.4
568,cat_3,cat_3,headwind,headwind,medium,medium,average,average,regular,regular,5
569,cat_3,cat_3,headwind,headwind,medium,medium,average,average,regular,regular,5
570,cat_3,cat_3,headwind,headwind,medium,heavy,average,average,regular,regular,3.2
571,cat_3,cat_3,headwind,headwind,heavy,medium,average,average,regular,regular,5.4
572,cat_3,cat_3,headwind,headwind,medium,heavy,average,average,regular,regular,3.2
573,cat_3,cat_3,headwind,headwind,heavy,heavy,average,average,regular,regular,5
574,cat_3,cat_3,headwind,headwind,heavy,super,average,average,regular,regular,3.2
575,cat_3,cat_3,headwind,headwind,super,light,average,average,regular,regular,8
576,cat_3,cat_3,headwind,headwind,light,medium,average,average,regular,regular,3.2
577,cat_3,cat_3,headwind,headwind,medium,medium,average,average,regular,regular,5
578,cat_3,cat_3,headwind,headwind,medium,medium,average,average,regular,regular,5
579,cat_3,cat_3,headwind,headwind,medium,heavy,average,low,regular,regular,3.0
580,cat_3,cat_3,headwind,headwind,heavy,medium,low,low,regular,regular,5.4
581,cat_3,cat_3,headwind,headwind,medium,heavy,low,low,regular,regular,3.2
582,cat_3,cat_3,headwind,headwind,heavy,medium,low,low,regular,regular,5.4
583,cat_3,cat_3,headwind,headwind,medium,heavy,low,low,regular,regular,3.2
584,cat_3,cat_3,headwind,headwind,heavy,medium,low,low,regular,regular,5.4
585,cat_3,cat_3,headwind,headwind,medium,medium,low,low,regular,regular,5
586,cat_3,cat_3,headwind,headwind,medium,medium,low,low,regular,regular,5
587,cat_3,cat_3,headwind,headwind,medium,heavy,low,low,regular,regular,3.2
588,cat_3,cat_3,headwind,headwind,heavy,medium,low,low,regular,regular,5.4
589,cat_3,cat_3,headwind,headwind,medium,medium,low,low,regular,regular,5
590,cat_3,cat_3,headwind,headwind,medium,light,low,low,regular,regular,5.4
591,cat_3,cat_3,headwind,headwind,light,heavy,low,low,regular,regular,3.1
592,cat_3,cat_3,headwind,headwind,heavy,heavy,low,low,regular,regular,5
593,cat_3,cat_3,headwind,headwind,heavy,medium,low,low,regular,regular,5.4
594,cat_3,cat_3,headwind,headwind,medium,medium,low,low,regular,regular,5
595,cat_3,cat_3,headwind,headwind,medium,medium,low,low,regular,regular,5
596,cat_3,cat_3,headwind,headwind,medium,medium,low,low,regular,regular,5
597,cat_3,cat_3,headwind,headwind,medium,heavy,low,low,regular,regular,3.2
598,cat_3,cat_3,headwind,headwind,heavy,medium,low,low,regular,regular,5.4
599,cat_3,cat_2,headwind,headwind,medium,medium,low,average,regular,regular,4.2
600,cat_2,cat_2,headwind,headwind,medium,medium,average,average,regular,regular,5
601,cat_2,cat_2,headwind,headwind,medium,medium,average,average,regular,regular,5
602,cat_2,cat_2,headwind,headwind,medium,heavy,average,average,regular,regular,3.2
603,cat_2,cat_2,headwind,headwind,heavy,medium,average,average,regular,regular,5.4
604,cat_2,cat_2,headwind,headwind,medium,medium,average,average,regular,regular,5
605,cat_2,cat_2,headwind,headwind,medium,medium,average,average,regular,regular,5
606,cat_2,cat_2,headwind,headwind,medium,medium,average,average,regular,regular,5
607,cat_2,cat_2,headwind,headwind,medium,medium,average,average,regular,regular,5
608,cat_2,cat_2,headwind,headwind,medium,heavy,average,average,regular,regular,3.2
609,cat_2,cat_2,headwind,headwind,heavy,medium,average,average,regular,regular,5.4
610,cat_2,cat_2,headwind,headwind,medium,heavy,average,average,regular,regular,3.2
611,cat_2,cat_2,headwind,headwind,heavy,heavy,average,average,regular,regular,5
612,cat_2,cat_2,headwind,headwind,heavy,medium,average,average,regular,regular,5.4
613,cat_2,cat_2,headwind,headwind,medium,medium,average,average,regular,regular,5
614,cat_2,cat_2,headwind,headwind,medium,medium,average,average,regular,regular,5
615,cat_2,cat_2,headwind,headwind,medium,heavy,average,average,regular,regular,3.2
616,cat_2,cat_2,headwind,headwind,heavy,heavy,average,average,regular,regular,5
617,cat_2,cat_2,headwind,headwind,heavy,medium,average,average,regular,regular,5.4
618,cat_2,cat_2,headwind,headwind,medium,medium,average,average,regular,regular,5
619,cat_2,cat_2,headwind,tailwind,medium,medium,average,high,regular,max,5.0
620,cat_2,cat_2,tailwind,tailwind,medium,super,high,high,max,max,3
621,cat_2,cat_2,tailwind,tailwind,super,medium,high,high,max,max,7
622,cat_2,cat_2,tailwind,tailwind,medium,medium,high,high,max,max,5
623,cat_2,cat_2,tailwind,tailwind,medium,medium,high,high,max,max,5
624,cat_2,cat_2,tailwind,tailwind,medium,heavy,high,high,max,max,3.2
625,cat_2,cat_2,tailwind,tailwind,heavy,medium,high,high,max,max,5.4
626,cat_2,cat_2,tailwind,tailwind,medium,heavy,high,high,max,max,3.2
627,cat_2,cat_2,tailwind,tailwind,heavy,medium,high,high,max,max,5.4
628,cat_2,cat_2,tailwind,tailwind,medium,medium,high,high,max,max,5
629,cat_2,cat_2,tailwind,headwind,medium,medium,high,high,max,max,5.2
630,cat_2,cat_2,headwind,headwind,medium,heavy,high,high,max,max,3.2
631,cat_2,cat_2,headwind,headwind,heavy,medium,high,high,max,max,5.4
632,cat_2,cat_2,headwind,headwind,medium,medium,high,high,max,max,5
633,cat_2,cat_2,headwind,headwind,medium,medium,high,high,max,max,5
634,cat_2,cat_2,headwind,headwind,medium,heavy,high,high,max,max,3.2
635,cat_2,cat_2,headwind,headwind,heavy,medium,high,high,max,max,5.4
636,cat_2,cat_2,headwind,headwind,medium,heavy,high,high,max,max,3.2
637,cat_2,cat_2,headwind,headwind,heavy,heavy,high,high,max,max,5
638,cat_2,cat_2,headwind,headwind,heavy,heavy,high,high,max,max,5
639,cat_2,cat_2,headwind,crosswind,heavy,heavy,high,high,max,max,4.6
640,cat_2,cat_2,crosswind,crosswind,heavy,medium,high,high,max,max,5.4
641,cat_2,cat_2,crosswind,crosswind,medium,super,high,high,max,max,3
642,cat_2,cat_2,crosswind,crosswind,super,medium,high,high,max,max,7
643,cat_2,cat_2,crosswind,crosswind,medium,medium,high,high,max,max,5
644,cat_2,cat_2,crosswind,crosswind,medium,medium,high,high,max,max,5
645,cat_2,cat_2,crosswind,crosswind,medium,medium,high,high,max,max,5
646,cat_2,cat_2,crosswind,crosswind,medium,light,high,high,max,max,5.4
647,cat_2,cat_2,crosswind,crosswind,light,medium,high,high,max,max,3.2
648,cat_2,cat_2,crosswind,crosswind,medium,heavy,high,high,max,max,3.2
649,cat_2,cat_2,crosswind,headwind,heavy,light,high,high,max,max,6.9
650,cat_2,cat_2,headwind,headwind,light,medium,high,high,max,max,3.2
651,cat_2,cat_2,headwind,headwind,medium,medium,high,high,max,max,5
652,cat_2,cat_2,headwind,headwind,medium,medium,high,high,max,max,5
653,cat_2,cat_2,headwind,headwind,medium,medium,high,high,max,max,5
654,cat_2,cat_2,headwind,headwind,medium,medium,high,high,max,max,5
655,cat_2,cat_2,headwind,headwind,medium,medium,high,high,max,max,5
656,cat_2,cat_2,headwind,headwind,medium,medium,high,high,max,max,5
657,cat_2,cat_2,headwind,headwind,medium,medium,high,high,max,max,5
658,cat_2,cat_2,headwind,headwind,medium,medium,high,high,max,max,5
659,cat_2,cat_2,headwind,wind_shear,medium,light,high,average,max,regular,4.6000000000000005
660,cat_2,cat_2,wind_shear,wind_shear,light,medium,average,average,regular,regular,3.2
661,cat_2,cat_2,wind_shear,wind_shear,medium,medium,average,average,regular,regular,5
662,cat_2,cat_2,wind_shear,wind_shear,medium,medium,average,average,regular,regular,5
663,cat_2,cat_2,wind_shear,wind_shear,medium,medium,average,average,regular,regular,5
664,cat_2,cat_2,wind_shear,wind_shear,medium,light,average,average,regular,regular,5.4
665,cat_2,cat_2,wind_shear,wind_shear,light,medium,average,average,regular,regular,3.2
666,cat_2,cat_2,wind_shear,wind_shear,medium,medium,average,average,regular,regular,5
667,cat_2,cat_2,wind_shear,wind_shear,medium,heavy,average,average,regular,regular,3.2
668,cat_2,cat_2,wind_shear,wind_shear,heavy,super,average,average,regular,regular,3.2
669,cat_2,cat_2,wind_shear,tailwind,super,medium,average,average,regular,regular,7.4
670,cat_2,cat_2,tailwind,tailwind,medium,medium,average,average,regular,regular,5
671,cat_2,cat_2,tailwind,tailwind,medium,medium,average,average,regular,regular,5
672,cat_2,cat_2,tailwind,tailwind,medium,medium,average,average,regular,regular,5
673,cat_2,cat_2,tailwind,tailwind,medium,medium,average,average,regular,regular,5
674,cat_2,cat_2,tailwind,tailwind,medium,medium,average,average,regular,regular,5
675,cat_2,cat_2,tailwind,tailwind,medium,medium,average,average,regular,regular,5
676,cat_2,cat_2,tailwind,tailwind,medium,medium,average,average,regular,regular,5
677,cat_2,cat_2,tailwind,tailwind,medium,medium,average,average,regular,regular,5
678,cat_2,cat_2,tailwind,tailwind,medium,heavy,average,average,regular,regular,3.2
679,cat_2,cat_2,tailwind,headwind,heavy,medium,average,high,regular,max,5.800000000000001
680,cat_2,cat_2,headwind,headwind,medium,medium,high,high,max,max,5
681,cat_2,cat_2,headwind,headwind,medium,medium,high,high,max,max,5
682,cat_2,cat_2,headwind,headwind,medium,heavy,high,high,max,max,3.2
683,cat_2,cat_2,headwind,headwind,heavy,heavy,high,high,max,max,5
684,cat_2,cat_2,headwind,headwind,heavy,heavy,high,high,max,max,5
685,cat_2,cat_2,headwind,headwind,heavy,heavy,high,high,max,max,5
686,cat_2,cat_2,headwind,headwind,heavy,medium,high,high,max,max,5.4
687,cat_2,cat_2,headwind,headwind,medium,medium,high,high,max,max,5
688,cat_2,cat_2,headwind,headwind,medium,medium,high,high,max,max,5
689,cat_2,cat_2,headwind,crosswind,medium,medium,high,high,max,max,4.6
690,cat_2,cat_2,crosswind,crosswind,medium,medium,high,high,max,max,5
691,cat_2,cat_2,crosswind,crosswind,medium,medium,high,high,max,max,5
692,cat_2,cat_2,crosswind,crosswind,medium,medium,high,high,max,max,5
693,cat_2,cat_2,crosswind,crosswind,medium,medium,high,high,max,max,5
694,cat_2,cat_2,crosswind,crosswind,medium,medium,high,high,max,max,5
695,cat_2,cat_2,crosswind,crosswind,medium,medium,high,high,max,max,5
696,cat_2,cat_2,crosswind,crosswind,medium,medium,high,high,max,max,5
697,cat_2,cat_2,crosswind,crosswind,medium,heavy,high,high,max,max,3.2
698,cat_2,cat_2,crosswind,crosswind,heavy,medium,high,high,max,max,5.4
699,cat_2,cat_1,crosswind,headwind,medium,medium,high,low,max,regular,4.5
700,cat_1,cat_1,headwind,headwind,medium,medium,low,low,regular,regular,5
701,cat_1,cat_1,headwind,headwind,medium,heavy,low,low,regular,regular,3.2
702,cat_1,cat_1,headwind,headwind,heavy,medium,low,low,regular,regular,5.4
703,cat_1,cat_1,headwind,headwind,medium,super,low,low,regular,regular,3
704,cat_1,cat_1,headwind,headwind,super,medium,low,low,regular,regular,7
705,cat_1,cat_1,headwind,headwind,medium,light,low,low,regular,regular,5.4
706,cat_1,cat_1,headwind,headwind,light,light,low,low,regular,regular,5
707,cat_1,cat_1,headwind,headwind,light,medium,low,low,regular,regular,3.2
708,cat_1,cat_1,headwind,headwind,medium,medium,low,low,regular,regular,5
709,cat_1,cat_1,headwind,headwind,medium,medium,low,low,regular,regular,5
710,cat_1,cat_1,headwind,headwind,medium,heavy,low,low,regular,regular,3.2
711,cat_1,cat_1,headwind,headwind,heavy,medium,low,low,regular,regular,5.4
712,cat_1,cat_1,headwind,headwind,medium,medium,low,low,regular,regular,5
713,cat_1,cat_1,headwind,headwind,medium,light,low,low,regular,regular,5.4
714,cat_1,cat_1,headwind,headwind,light,medium,low,low,regular,regular,3.2
715,cat_1,cat_1,headwind,headwind,medium,medium,low,low,regular,regular,5
716,cat_1,cat_1,headwind,headwind,medium,heavy,low,low,regular,regular,3.2
717,cat_1,cat_1,headwind,headwind,heavy,heavy,low,low,regular,regular,5
718,cat_1,cat_1,headwind,headwind,heavy,medium,low,low,regular,regular,5.4
719,cat_1,cat_1,headwind,wind_shear,medium,heavy,low,low,regular,regular,2.6000000000000005
720,cat_1,cat_1,wind_shear,wind_shear,heavy,super,low,low,regular,regular,3.2
721,cat_1,cat_1,wind_shear,wind_shear,super,medium,low,low,regular,regular,7
722,cat_1,cat_1,wind_shear,wind_shear,medium,heavy,low,low,regular,regular,3.2
723,cat_1,cat_1,wind_shear,wind_shear,heavy,medium,low,low,regular,regular,5.4
724,cat_1,cat_1,wind_shear,wind_shear,medium,heavy,low,low,regular,regular,3.2
725,cat_1,cat_1,wind_shear,wind_shear,heavy,medium,low,low,regular,regular,5.4
726,cat_1,cat_1,wind_shear,wind_shear,medium,medium,low,low,regular,regular,5
727,cat_1,cat_1,wind_shear,wind_shear,medium,heavy,low,low,regular,regular,3.2
728,cat_1,cat_1,wind_shear,wind_shear,heavy,medium,low,low,regular,regular,5.4
729,cat_1,cat_1,wind_shear,headwind,medium,medium,low,low,regular,regular,5.6
730,cat_1,cat_1,headwind,headwind,medium,medium,low,low,regular,regular,5
731,cat_1,cat_1,headwind,headwind,medium,heavy,low,low,regular,regular,3.2
732,cat_1,cat_1,headwind,headwind,heavy,medium,low,low,regular,regular,5.4
733,cat_1,cat_1,headwind,headwind,medium,medium,low,low,regular,regular,5
734,cat_1,cat_1,headwind,headwind,medium,heavy,low,low,regular,regular,3.2
735,cat_1,cat_1,headwind,headwind,heavy,medium,low,low,regular,regular,5.4
736,cat_1,cat_1,headwind,headwind,medium,heavy,low,low,regular,regular,3.2
737,cat_1,cat_1,headwind,headwind,heavy,medium,low,low,regular,regular,5.4
738,cat_1,cat_1,headwind,headwind,medium,light,low,low,regular,regular,5.4
739,cat_1,cat_1,headwind,tailwind,light,medium,low,low,regular,regular,3.0
740,cat_1,cat_1,tailwind,tailwind,medium,medium,low,low,regular,regular,5
741,cat_1,cat_1,tailwind,tailwind,medium,heavy,low,low,regular,regular,3.2
742,cat_1,cat_1,tailwind,tailwind,heavy,light,low,low,regular,regular,6.5
743,cat_1,cat_1,tailwind,tailwind,light,heavy,low,low,regular,regular,3.1
744,cat_1,cat_1,tailwind,tailwind,heavy,light,low,low,regular,regular,6.5
745,cat_1,cat_1,tailwind,tailwind,light,medium,low,low,regular,regular,3.2
746,cat_1,cat_1,tailwind,tailwind,medium,medium,low,low,regular,regular,5
747,cat_1,cat_1,tailwind,tailwind,medium,medium,low,low,regular,regular,5
748,cat_1,cat_1,tailwind,tailwind,medium,medium,low,low,regular,regular,5
749,cat_1,cat_1,tailwind,headwind,medium,heavy,low,low,regular,regular,3.4000000000000004
750,cat_1,cat_1,headwind,headwind,heavy,heavy,low,low,regular,regular,5
751,cat_1,cat_1,headwind,headwind,heavy,heavy,low,low,regular,regular,5
752,cat_1,cat_1,headwind,headwind,heavy,medium,low,low,regular,regular,5.4
753,cat_1,cat_1,headwind,headwind,medium,medium,low,low,regular,regular,5
754,cat_1,cat_1,headwind,headwind,medium,medium,low,low,regular,regular,5
755,cat_1,cat_1,headwind,headwind,medium,medium,low,low,regular,regular,5
756,cat_1,cat_1,headwind,headwind,medium,light,low,low,regular,regular,5.4
757,cat_1,cat_1,headwind,headwind,light,medium,low,low,regular,regular,3.2
758,cat_1,cat_1,headwind,headwind,medium,heavy,low,low,regular,regular,3.2
759,cat_1,cat_1,headwind,headwind,heavy,medium,low,average,regular,regular,5.6000000000000005
760,cat_1,cat_1,headwind,headwind,medium,heavy,average,average,regular,regular,3.2
761,cat_1,cat_1,headwind,headwind,heavy,heavy,average,average,regular,regular,5
762,cat_1,cat_1,headwind,headwind,heavy,medium,average,average,regular,regular,5.4
763,cat_1,cat_1,headwind,headwind,medium,heavy,average,average,regular,regular,3.2
764,cat_1,cat_1,headwind,headwind,heavy,medium,average,average,regular,regular,5.4
765,cat_1,cat_1,headwind,headwind,medium,medium,average,average,regular,regular,5
766,cat_1,cat_1,headwind,headwind,medium,medium,average,average,regular,regular,5
767,cat_1,cat_1,headwind,headwind,medium,medium,average,average,regular,regular,5
768,cat_1,cat_1,headwind,headwind,medium,medium,average,average,regular,regular,5
769,cat_1,cat_1,headwind,headwind,medium,light,average,average,regular,regular,5.4
770,cat_1,cat_1,headwind,headwind,light,medium,average,average,regular,regular,3.2
771,cat_1,cat_1,headwind,headwind,medium,heavy,average,average,regular,regular,3.2
772,cat_1,cat_1,headwind,headwind,heavy,medium,average,average,regular,regular,5.4
773,cat_1,cat_1,headwind,headwind,medium,medium,average,average,regular,regular,5
774,cat_1,cat_1,headwind,headwind,medium,heavy,average,average,regular,regular,3.2
775,cat_1,cat_1,headwind,headwind,heavy,medium,average,average,regular,regular,5.4
776,cat_1,cat_1,headwind,headwind,medium,medium,average,average,regular,regular,5
777,cat_1,cat_1,headwind,headwind,medium,medium,average,average,regular,regular,5
778,cat_1,cat_1,headwind,headwind,medium,medium,average,average,regular,regular,5
779,cat_1,cat_1,headwind,headwind,medium,medium,average,average,regular,regular,5
780,cat_1,cat_1,headwind,headwind,medium,heavy,average,average,regular,regular,3.2
781,cat_1,cat_1,headwind,headwind,heavy,heavy,average,average,regular,regular,5
782,cat_1,cat_1,headwind,headwind,heavy,heavy,average,average,regular,regular,5
783,cat_1,cat_1,headwind,headwind,heavy,medium,average,average,regular,regular,5.4
784,cat_1,cat_1,headwind,headwind,medium,light,average,average,regular,regular,5.4
785,cat_1,cat_1,headwind,headwind,light,medium,average,average,regular,regular,3.2
786,cat_1,cat_1,headwind,headwind,medium,heavy,average,average,regular,regular,3.2
787,cat_1,cat_1,headwind,headwind,heavy,medium,average,average,regular,regular,5.4
788,cat_1,cat_1,headwind,headwind,medium,medium,average,average,regular,regular,5
789,cat_1,cat_1,headwind,headwind,medium,heavy,average,average,regular,regular,3.2
790,cat_1,cat_1,headwind,headwind,heavy,medium,average,average,regular,regular,5.4
791,cat_1,cat_1,headwind,headwind,medium,super,average,average,regular,regular,3
792,cat_1,cat_1,headwind,headwind,super,medium,average,average,regular,regular,7
793,cat_1,cat_1,headwind,headwind,medium,heavy,average,average,regular,regular,3.2
794,cat_1,cat_1,headwind,headwind,heavy,medium,average,average,regular,regular,5.4
795,cat_1,cat_1,headwind,headwind,medium,heavy,average,average,regular,regular,3.2
796,cat_1,cat_1,headwind,headwind,heavy,heavy,average,average,regular,regular,5
797,cat_1,cat_1,headwind,headwind,heavy,medium,average,average,regular,regular,5.4
798,cat_1,cat_1,headwind,headwind,medium,medium,average,average,regular,regular,5
799,cat_1,cat_3,headwind,headwind,medium,medium,average,low,regular,regular,6.3
800,cat_3,cat_3,headwind,headwind,medium,medium,low,low,regular,regular,5
801,cat_3,cat_3,headwind,headwind,medium,medium,low,low,regular,regular,5
802,cat_3,cat_3,headwind,headwind,medium,medium,low,low,regular,regular,5
803,cat_3,cat_3,headwind,headwind,medium,heavy,low,low,regular,regular,3.2
804,cat_3,cat_3,headwind,headwind,heavy,medium,low,low,regular,regular,5.4
805,cat_3,cat_3,headwind,headwind,medium,medium,low,low,regular,regular,5
806,cat_3,cat_3,headwind,headwind,medium,medium,low,low,regular,regular,5
807,cat_3,cat_3,headwind,headwind,medium,medium,low,low,regular,regular,5
808,cat_3,cat_3,headwind,headwind,medium,medium,low,low,regular,regular,5
809,cat_3,cat_3,headwind,headwind,medium,heavy,low,low,regular,regular,3.2
810,cat_3,cat_3,headwind,headwind,heavy,medium,low,low,regular,regular,5.4
811,cat_3,cat_3,headwind,headwind,medium,medium,low,low,regular,regular,5
812,cat_3,cat_3,headwind,headwind,medium,super,low,low,regular,regular,3
813,cat_3,cat_3,headwind,headwind,super,medium,low,low,regular,regular,7
814,cat_3,cat_3,headwind,headwind,medium,heavy,low,low,regular,regular,3.2
815,cat_3,cat_3,headwind,headwind,heavy,medium,low,low,regular,regular,5.4
816,cat_3,cat_3,headwind,headwind,medium,medium,low,low,regular,regular,5
817,cat_3,cat_3,headwind,headwind,medium,medium,low,low,regular,regular,5
818,cat_3,cat_3,headwind,headwind,medium,medium,low,low,regular,regular,5
819,cat_3,cat_3,headwind,headwind,medium,super,low,average,regular,regular,3.2
820,cat_3,cat_3,headwind,headwind,super,medium,average,average,regular,regular,7
821,cat_3,cat_3,headwind,headwind,medium,medium,average,average,regular,regular,5
822,cat_3,cat_3,headwind,headwind,medium,heavy,average,average,regular,regular,3.2
823,cat_3,cat_3,headwind,headwind,heavy,heavy,average,average,regular,regular,5
824,cat_3,cat_3,headwind,headwind,heavy,medium,average,average,regular,regular,5.4
825,cat_3,cat_3,headwind,headwind,medium,medium,average,average,regular,regular,5
826,cat_3,cat_3,headwind,headwind,medium,light,average,average,regular,regular,5.4
827,cat_3,cat_3,headwind,headwind,light,heavy,average,average,regular,regular,3.1
828,cat_3,cat_3,headwind,headwind,heavy,medium,average,average,regular,regular,5.4
829,cat_3,cat_3,headwind,wind_shear,medium,medium,average,average,regular,regular,4.4
830,cat_3,cat_3,wind_shear,wind_shear,medium,medium,average,average,regular,regular,5
831,cat_3,cat_3,wind_shear,wind_shear,medium,medium,average,average,regular,regular,5
832,cat_3,cat_3,wind_shear,wind_shear,medium,medium,average,average,regular,regular,5
833,cat_3,cat_3,wind_shear,wind_shear,medium,medium,average,average,regular,regular,5
834,cat_3,cat_3,wind_shear,wind_shear,medium,heavy,average,average,regular,regular,3.2
835,cat_3,cat_3,wind_shear,wind_shear,heavy,medium,average,average,regular,regular,5.4
836,cat_3,cat_3,wind_shear,wind_shear,medium,medium,average,average,regular,regular,5
837,cat_3,cat_3,wind_shear,wind_shear,medium,heavy,average,average,regular,regular,3.2
838,cat_3,cat_3,wind_shear,wind_shear,heavy,medium,average,average,regular,regular,5.4
839,cat_3,cat_3,wind_shear,headwind,medium,medium,average,low,regular,regular,5.3999999999999995
840,cat_3,cat_3,headwind,headwind,medium,heavy,low,low,regular,regular,3.2
841,cat_3,cat_3,headwind,headwind,heavy,heavy,low,low,regular,regular,5
842,cat_3,cat_3,headwind,headwind,heavy,heavy,low,low,regular,regular,5
843,cat_3,cat_3,headwind,headwind,heavy,heavy,low,low,regular,regular,5
844,cat_3,cat_3,headwind,headwind,heavy,medium,low,low,regular,regular,5.4
845,cat_3,cat_3,headwind,headwind,medium,medium,low,low,regular,regular,5
846,cat_3,cat_3,headwind,headwind,medium,medium,low,low,regular,regular,5
847,cat_3,cat_3,headwind,headwind,medium,medium,low,low,regular,regular,5
848,cat_3,cat_3,headwind,headwind,medium,light,low,low,regular,regular,5.4
849,cat_3,cat_3,headwind,headwind,light,medium,low,low,regular,regular,3.2
850,cat_3,cat_3,headwind,headwind,medium,heavy,low,low,regular,regular,3.2
851,cat_3,cat_3,headwind,headwind,heavy,medium,low,low,regular,regular,5.4
852,cat_3,cat_3,headwind,headwind,medium,medium,low,low,regular,regular,5
853,cat_3,cat_3,headwind,headwind,medium,medium,low,low,regular,regular,5
854,cat_3,cat_3,headwind,headwind,medium,medium,low,low,regular,regular,5
855,cat_3,cat_3,headwind,headwind,medium,heavy,low,low,regular,regular,3.2
856,cat_3,cat_3,headwind,headwind,heavy,medium,low,low,regular,regular,5.4
857,cat_3,cat_3,headwind,headwind,medium,medium,low,low,regular,regular,5
858,cat_3,cat_3,headwind,headwind,medium,medium,low,low,regular,regular,5
859,cat_3,cat_3,headwind,headwind,medium,medium,low,low,regular,regular,5
860,cat_3,cat_3,headwind,headwind,medium,heavy,low,low,regular,regular,3.2
861,cat_3,cat_3,headwind,headwind,heavy,medium,low,low,regular,regular,5.4
862,cat_3,cat_3,headwind,headwind,medium,medium,low,low,regular,regular,5
863,cat_3,cat_3,headwind,headwind,medium,heavy,low,low,regular,regular,3.2
864,cat_3,cat_3,headwind,headwind,heavy,medium,low,low,regular,regular,5.4
865,cat_3,cat_3,headwind,headwind,medium,heavy,low,low,regular,regular,3.2
866,cat_3,cat_3,headwind,headwind,heavy,heavy,low,low,regular,regular,5
867,cat_3,cat_3,headwind,headwind,heavy,medium,low,low,regular,regular,5.4
868,cat_3,cat_3,headwind,headwind,medium,medium,low,low,regular,regular,5
869,cat_3,cat_3,headwind,headwind,medium,medium,low,low,regular,regular,5
870,cat_3,cat_3,headwind,headwind,medium,heavy,low,low,regular,regular,3.2
871,cat_3,cat_3,headwind,headwind,heavy,medium,low,low,regular,regular,5.4
872,cat_3,cat_3,headwind,headwind,medium,medium,low,low,regular,regular,5
873,cat_3,cat_3,headwind,headwind,medium,medium,low,low,regular,regular,5
874,cat_3,cat_3,headwind,headwind,medium,super,low,low,regular,regular,3
875,cat_3,cat_3,headwind,headwind,super,medium,low,low,regular,regular,7
876,cat_3,cat_3,headwind,headwind,medium,medium,low,low,regular,regular,5
877,cat_3,cat_3,headwind,headwind,medium,heavy,low,low,regular,regular,3.2
878,cat_3,cat_3,headwind,headwind,heavy,heavy,low,low,regular,regular,5
879,cat_3,cat_3,headwind,crosswind,heavy,heavy,low,average,regular,regular,4.8
880,cat_3,cat_3,crosswind,crosswind,heavy,heavy,average,average,regular,regular,5
881,cat_3,cat_3,crosswind,crosswind,heavy,medium,average,average,regular,regular,5.4
882,cat_3,cat_3,crosswind,crosswind,medium,medium,average,average,regular,regular,5
883,cat_3,cat_3,crosswind,crosswind,medium,medium,average,average,regular,regular,5
884,cat_3,cat_3,crosswind,crosswind,medium,medium,average,average,regular,regular,5
885,cat_3,cat_3,crosswind,crosswind,medium,heavy,average,average,regular,regular,3.2
886,cat_3,cat_3,crosswind,crosswind,heavy,heavy,average,average,regular,regular,5
887,cat_3,cat_3,crosswind,crosswind,heavy,medium,average,average,regular,regular,5.4
888,cat_3,cat_3,crosswind,crosswind,medium,heavy,average,average,regular,regular,3.2
889,cat_3,cat_3,crosswind,headwind,heavy,medium,average,average,regular,regular,5.800000000000001
890,cat_3,cat_3,headwind,headwind,medium,heavy,average,average,regular,regular,3.2
891,cat_3,cat_3,headwind,headwind,heavy,heavy,average,average,regular,regular,5
892,cat_3,cat_3,headwind,headwind,heavy,medium,average,average,regular,regular,5.4
893,cat_3,cat_3,headwind,headwind,medium,medium,average,average,regular,regular,5
894,cat_3,cat_3,headwind,headwind,medium,super,average,average,regular,regular,3
895,cat_3,cat_3,headwind,headwind,super,medium,average,average,regular,regular,7
896,cat_3,cat_3,headwind,headwind,medium,medium,average,average,regular,regular,5
897,cat_3,cat_3,headwind,headwind,medium,heavy,average,average,regular,regular,3.2
898,cat_3,cat_3,headwind,headwind,heavy,heavy,average,average,regular,regular,5
899,cat_3,cat_3,headwind,headwind,heavy,heavy,average,high,regular,max,5.2
900,cat_3,cat_3,headwind,headwind,heavy,heavy,high,high,max,max,5
901,cat_3,cat_3,headwind,headwind,heavy,heavy,high,high,max,max,5
902,cat_3,cat_3,headwind,headwind,heavy,super,high,high,max,max,3.2
903,cat_3,cat_3,headwind,headwind,super,heavy,high,high,max,max,6.5
904,cat_3,cat_3,headwind,headwind,heavy,medium,high,high,max,max,5.4
905,cat_3,cat_3,headwind,headwind,medium,medium,high,high,max,max,5
906,cat_3,cat_3,headwind,headwind,medium,medium,high,high,max,max,5
907,cat_3,cat_3,headwind,headwind,medium,heavy,high,high,max,max,3.2
908,cat_3,cat_3,headwind,headwind,heavy,heavy,high,high,max,max,5
909,cat_3,cat_3,headwind,wind_shear,heavy,medium,high,high,max,max,4.800000000000001
910,cat_3,cat_3,wind_shear,wind_shear,medium,medium,high,high,max,max,5
911,cat_3,cat_3,wind_shear,wind_shear,medium,medium,high,high,max,max,5
912,cat_3,cat_3,wind_shear,wind_shear,medium,medium,high,high,max,max,5
913,cat_3,cat_3,wind_shear,wind_shear,medium,medium,high,high,max,max,5
914,cat_3,cat_3,wind_shear,wind_shear,medium,medium,high,high,max,max,5
915,cat_3,cat_3,wind_shear,wind_shear,medium,medium,high,high,max,max,5
916,cat_3,cat_3,wind_shear,wind_shear,medium,medium,high,high,max,max,5
917,cat_3,cat_3,wind_shear,wind_shear,medium,heavy,high,high,max,max,3.2
918,cat_3,cat_3,wind_shear,wind_shear,heavy,medium,high,high,max,max,5.4
919,cat_3,cat_3,wind_shear,headwind,medium,medium,high,low,max,regular,5.199999999999999
920,cat_3,cat_3,headwind,headwind,medium,heavy,low,low,regular,regular,3.2
921,cat_3,cat_3,headwind,headwind,heavy,heavy,low,low,regular,regular,5
922,cat_3,cat_3,headwind,headwind,heavy,medium,low,low,regular,regular,5.4
923,cat_3,cat_3,headwind,headwind,medium,medium,low,low,regular,regular,5
924,cat_3,cat_3,headwind,headwind,medium,medium,low,low,regular,regular,5
925,cat_3,cat_3,headwind,headwind,medium,heavy,low,low,regular,regular,3.2
926,cat_3,cat_3,headwind,headwind,heavy,heavy,low,low,regular,regular,5
927,cat_3,cat_3,headwind,headwind,heavy,heavy,low,low,regular,regular,5
928,cat_3,cat_3,headwind,headwind,heavy,heavy,low,low,regular,regular,5
929,cat_3,cat_3,headwind,crosswind,heavy,heavy,low,low,regular,regular,4.6
930,cat_3,cat_3,crosswind,crosswind,heavy,medium,low,low,regular,regular,5.4
931,cat_3,cat_3,crosswind,crosswind,medium,heavy,low,low,regular,regular,3.2
932,cat_3,cat_3,crosswind,crosswind,heavy,medium,low,low,regular,regular,5.4
933,cat_3,cat_3,crosswind,crosswind,medium,heavy,low,low,regular,regular,3.2
934,cat_3,cat_3,crosswind,crosswind,heavy,medium,low,low,regular,regular,5.4
935,cat_3,cat_3,crosswind,crosswind,medium,medium,low,low,regular,regular,5
936,cat_3,cat_3,crosswind,crosswind,medium,heavy,low,low,regular,regular,3.2
937,cat_3,cat_3,crosswind,crosswind,heavy,super,low,low,regular,regular,3.2
938,cat_3,cat_3,crosswind,crosswind,super,heavy,low,low,regular,regular,6.5
939,cat_3,cat_3,crosswind,headwind,heavy,heavy,low,high,regular,max,5.800000000000001
940,cat_3,cat_3,headwind,headwind,heavy,medium,high,high,max,max,5.4
941,cat_3,cat_3,headwind,headwind,medium,heavy,high,high,max,max,3.2
942,cat_3,cat_3,headwind,headwind,heavy,medium,high,high,max,max,5.4
943,cat_3,cat_3,headwind,headwind,medium,super,high,high,max,max,3
944,cat_3,cat_3,headwind,headwind,super,heavy,high,high,max,max,6.5
945,cat_3,cat_3,headwind,headwind,heavy,medium,high,high,max,max,5.4
946,cat_3,cat_3,headwind,headwind,medium,medium,high,high,max,max,5
947,cat_3,cat_3,headwind,headwind,medium,heavy,high,high,max,max,3.2
948,cat_3,cat_3,headwind,headwind,heavy,medium,high,high,max,max,5.4
949,cat_3,cat_3,headwind,headwind,medium,heavy,high,high,max,max,3.2
950,cat_3,cat_3,headwind,headwind,heavy,medium,high,high,max,max,5.4
951,cat_3,cat_3,headwind,headwind,medium,medium,high,high,max,max,5
952,cat_3,cat_3,headwind,headwind,medium,medium,high,high,max,max,5
953,cat_3,cat_3,headwind,headwind,medium,heavy,high,high,max,max,3.2
954,cat_3,cat_3,headwind,headwind,heavy,heavy,high,high,max,max,5
955,cat_3,cat_3,headwind,headwind,heavy,heavy,high,high,max,max,5
956,cat_3,cat_3,headwind,headwind,heavy,medium,high,high,max,max,5.4
957,cat_3,cat_3,headwind,headwind,medium,medium,high,high,max,max,5
958,cat_3,cat_3,headwind,headwind,medium,medium,high,high,max,max,5
959,cat_3,cat_3,headwind,tailwind,medium,medium,high,low,max,regular,4.3999999999999995
960,cat_3,cat_3,tailwind,tailwind,medium,heavy,low,low,regular,regular,3.2
961,cat_3,cat_3,tailwind,tailwind,heavy,medium,low,low,regular,regular,5.4
962,cat_3,cat_3,tailwind,tailwind,medium,medium,low,low,regular,regular,5
963,cat_3,cat_3,tailwind,tailwind,medium,heavy,low,low,regular,regular,3.2
964,cat_3,cat_3,tailwind,tailwind,heavy,medium,low,low,regular,regular,5.4
965,cat_3,cat_3,tailwind,tailwind,medium,medium,low,low,regular,regular,5
966,cat_3,cat_3,tailwind,tailwind,medium,heavy,low,low,regular,regular,3.2
967,cat_3,cat_3,tailwind,tailwind,heavy,medium,low,low,regular,regular,5.4
968,cat_3,cat_3,tailwind,tailwind,medium,medium,low,low,regular,regular,5
969,cat_3,cat_3,tailwind,headwind,medium,heavy,low,low,regular,regular,3.4000000000000004
970,cat_3,cat_3,headwind,headwind,heavy,heavy,low,low,regular,regular,5
971,cat_3,cat_3,headwind,headwind,heavy,heavy,low,low,regular,regular,5
972,cat_3,cat_3,headwind,headwind,heavy,medium,low,low,regular,regular,5.4
973,cat_3,cat_3,headwind,headwind,medium,medium,low,low,regular,regular,5
974,cat_3,cat_3,headwind,headwind,medium,light,low,low,regular,regular,5.4
975,cat_3,cat_3,headwind,headwind,light,medium,low,low,regular,regular,3.2
976,cat_3,cat_3,headwind,headwind,medium,super,low,low,regular,regular,3
977,cat_3,cat_3,headwind,headwind,super,medium,low,low,regular,regular,7
978,cat_3,cat_3,headwind,headwind,medium,heavy,low,low,regular,regular,3.2
979,cat_3,cat_3,headwind,headwind,heavy,medium,low,low,regular,regular,5.4
980,cat_3,cat_3,headwind,headwind,medium,medium,low,low,regular,regular,5
981,cat_3,cat_3,headwind,headwind,medium,heavy,low,low,regular,regular,3.2
982,cat_3,cat_3,headwind,headwind,heavy,medium,low,low,regular,regular,5.4
983,cat_3,cat_3,headwind,headwind,medium,medium,low,low,regular,regular,5
984,cat_3,cat_3,headwind,headwind,medium,medium,low,low,regular,regular,5
985,cat_3,cat_3,headwind,headwind,medium,heavy,low,low,regular,regular,3.2
986,cat_3,cat_3,headwind,headwind,heavy,heavy,low,low,regular,regular,5
987,cat_3,cat_3,headwind,headwind,heavy,medium,low,low,regular,regular,5.4
988,cat_3,cat_3,headwind,headwind,medium,heavy,low,low,regular,regular,3.2
989,cat_3,cat_3,headwind,headwind,heavy,light,low,low,regular,regular,6.5
990,cat_3,cat_3,headwind,headwind,light,heavy,low,low,regular,regular,3.1
991,cat_3,cat_3,headwind,headwind,heavy,medium,low,low,regular,regular,5.4
992,cat_3,cat_3,headwind,headwind,medium,medium,low,low,regular,regular,5
993,cat_3,cat_3,headwind,headwind,medium,heavy,low,low,regular,regular,3.2
994,cat_3,cat_3,headwind,headwind,heavy,heavy,low,low,regular,regular,5
995,cat_3,cat_3,headwind,headwind,heavy,medium,low,low,regular,regular,5.4
996,cat_3,cat_3,headwind,headwind,medium,medium,low,low,regular,regular,5
997,cat_3,cat_3,headwind,headwind,medium,medium,low,low,regular,regular,5
998,cat_3,cat_3,headwind,headwind,medium,medium,low,low,regular,regular,5
